sd_Id,name,address,phone
1,onkar Harkal,pune,9600120350
2,Akshay gawade,pune,9963248102
3,vishnu Raut,pune,8956123710
4,Shailesh Patil,pune,8521403697
5,Deepak Mujumdar,pune,7536951438
6,Aniket Bansal,pune,9821436970
7,Piyush Jagtap,pune,8621463871
8,Ankit Singh,pune,8952140372
9,Mahendra Kolte,pune,9536710354
10,Kunal Narwade,pune,8420368741
11,Swapnil Patil,pune,9821365470
12,Akash Kholi,pune,9963254107
13,Carine Bachelor,pune,9930245607
14,Arther Haliday,pune,9620139874
15,Suresh Mishra,pune,7896541230
16,Arther Haliday,pune,9421365789
17,Carine Bachelor,pune,9421176548
18,Arther Haliday,pune,9654123789
19,Carine Bachelor,pune,7531598521
20,Anwit jagtap,pune,8523145698
21,Harsh Sharma,pune,9632145872
22,Arther Haliday,pune,7569841236
23,Carine Bachelor,pune,7456321985
24,Arther Haliday,pune,9852314569
25,Sanket Unde,pune,7896541230
26,Arther Haliday,pune,9851236987
27,Carine Bachelor,pune,8523697412
28,Arther Haliday,pune,9845632589
29,Carine Bachelor,pune,8745216932
30,Pratik Bawaskar,pune,8521469871
31,Carine Bachelor,pune,9632587412
32,Carine Bachelor,pune,7865412398
33,Arther Haliday,pune,7851236984
34,Carine Bachelor,pune,8521463974
35,Arther Haliday,pune,8965412369
36,Carine Bachelor,pune,86214796.3
37,Arther Haliday,pune,9874563210
38,Carine Bachelor,pune,9874212123
39,Arther Haliday,pune,8523697412
40,Carine Bachelor,pune,9852312113
41,Arther Haliday,pune,7569812020
42,Carine Bachelor,pune,80000086123
43,Carine Bachelor,pune,9002568741
44,Arther Haliday,pune,9112568410
45,Carine Bachelor,pune,9421736353
46,Arther Haliday,pune,7219255841
47,Carine Bachelor,pune,7112549863
48,Arther Haliday,pune,8545250128
49,Carine Bachelor,pune,8767798557
50,Arther Haliday,pune,7532149610
